ID,Nev,Kor,Varos,Email
1,Jessica Brooks,61,East Ryan,kyle34@yahoo.com
2,Thomas Watson,65,Hoffmanview,millernathan@flores.com
3,Eric Li,58,South Denise,jeffery74@klein.com
4,Caleb Riddle,60,West Brianna,adkinsvincent@woods.com
5,Peter Wilson,42,New Ryanshire,kingdeanna@duffy-christensen.com
6,Michael Moore,22,Newmanview,jordaneric@hotmail.com
7,Crystal Zavala,70,Banksshire,tpatterson@davis.com
8,Hector Tate,58,Lake Jessicaville,bradleyangela@yahoo.com
9,Molly Mcdowell,44,New Edwardtown,watkinslisa@jones.biz
10,Tamara Steele,70,South Mary,holtmelissa@murray.com
11,Taylor Green,29,West Benjamin,ramirezderek@lambert-francis.com
12,Elizabeth Williams,61,Jessicamouth,ramirezjeff@carr-wells.com
13,Carmen Green,65,Morenoside,meltonkelly@peterson.com
14,Richard Carroll,61,South Seanmouth,jeanette90@hotmail.com
15,Brandon Mccoy,28,North Megan,bwilliams@howe.org
16,Priscilla Moses,42,Caseymouth,yfrench@hotmail.com
17,Anna Williams,45,Port Tracimouth,xburke@vargas.net
18,Kristin Knox,64,Avilafort,robert62@scott-hicks.info
19,Tracey Dean,49,Jeffreyborough,eugene97@gmail.com
20,Megan Brown,44,Maymouth,brittany55@hotmail.com
